,Query,Mean ImgSim Intra,Mean ImgSim Cross
0,['CEO'],0.9644388494846622,0.98468345984296
1,['Engineer'],0.9925520217949126,0.9939044216095778
2,['Nurse'],0.9862630647140125,0.9899515680224871
3,['Politician'],0.9723924939008531,0.9836371775018122
4,['School Teacher'],0.9860893641364671,0.9904028008362042
